{"stats":{"minecraft:picked_up":{"minecraft:birch_log":7,"minecraft:raw_iron":9,"minecraft:crafting_table":3,"minecraft:azure_bluet":1,"minecraft:birch_planks":2,"minecraft:dirt":11,"minecraft:bone":2,"minecraft:arrow":2,"minecraft:diamond":2,"comforts:sleeping_bag_white":1,"minecraft:iron_ingot":4,"minecraft:gold_ingot":4,"minecraft:black_wool":1,"minecraft:coal":33,"minecraft:mutton":6,"minecraft:white_wool":3,"minecraft:cobblestone":107,"minecraft:furnace":1},"minecraft:broken":{"minecraft:stone_pickaxe":1},"minecraft:killed":{"minecraft:skeleton":1,"minecraft:sheep":4},"minecraft:dropped":{"minecraft:azure_bluet":1},"minecraft:mined":{"minecraft:furnace":1,"minecraft:birch_log":7,"minecraft:crafting_table":3,"minecraft:azure_bluet":1,"minecraft:grass":6,"minecraft:grass_block":2,"minecraft:coal_ore":33,"minecraft:dirt":10,"minecraft:stone":107},"minecraft:used":{"minecraft:cooked_mutton":3,"minecraft:black_wool":1,"minecraft:stone_sword":22,"minecraft:stone_pickaxe":257,"minecraft:wooden_pickaxe":32,"minecraft:stone_axe":4,"minecraft:dirt":1,"minecraft:cobblestone":11,"minecraft:crafting_table":3,"minecraft:furnace":1,"comforts:sleeping_bag_white":1},"minecraft:custom":{"minecraft:time_since_rest":7422,"minecraft:interact_with_furnace":5,"minecraft:sprint_one_cm":22297,"minecraft:damage_taken":190,"minecraft:walk_one_cm":23137,"minecraft:mob_kills":5,"minecraft:drop":1,"minecraft:damage_dealt":519,"minecraft:fly_one_cm":47099,"minecraft:interact_with_crafting_table":6,"minecraft:crouch_one_cm":4,"minecraft:play_time":24513,"minecraft:sneak_time":22,"minecraft:jump":261,"minecraft:time_since_death":24513,"minecraft:sleep_in_bed":1,"minecraft:total_world_time":24513,"minecraft:fall_one_cm":9130},"minecraft:crafted":{"minecraft:crafting_table":1,"minecraft:stick":16,"comforts:sleeping_bag_white":1,"minecraft:wooden_pickaxe":1,"minecraft:stone_pickaxe":2,"minecraft:stone_sword":1,"minecraft:furnace":1,"minecraft:torch":8,"minecraft:birch_planks":28,"minecraft:stone_axe":1,"minecraft:cooked_mutton":6,"minecraft:air":0}},"DataVersion":3465}