{"stats":{"minecraft:custom":{"minecraft:time_since_rest":35795,"minecraft:sprint_one_cm":38193,"minecraft:damage_taken":250,"minecraft:walk_one_cm":94057,"minecraft:mob_kills":5,"minecraft:damage_dealt":445,"minecraft:interact_with_crafting_table":4,"minecraft:swim_one_cm":20695,"minecraft:fly_one_cm":26145,"minecraft:crouch_one_cm":4,"minecraft:play_time":35795,"minecraft:sneak_time":164,"minecraft:walk_under_water_one_cm":5487,"minecraft:jump":319,"minecraft:time_since_death":35795,"minecraft:walk_on_water_one_cm":16058,"minecraft:total_world_time":35795,"minecraft:fall_one_cm":5264},"minecraft:killed":{"minecraft:chicken":3,"minecraft:spider":2},"minecraft:broken":{"minecraft:wooden_axe":1},"minecraft:mined":{"minecraft:iron_ore":2,"minecraft:sweet_berry_bush":22,"minecraft:clay":49,"minecraft:crafting_table":3,"minecraft:grass":3,"minecraft:calcite":31,"minecraft:grass_block":15,"minecraft:oak_log":46,"minecraft:dirt":2,"minecraft:stone":14,"minecraft:oak_leaves":7},"minecraft:crafted":{"minecraft:wooden_sword":1,"minecraft:oak_planks":184,"minecraft:crafting_table":1,"minecraft:stick":8,"minecraft:wooden_pickaxe":1,"minecraft:stone_pickaxe":1,"minecraft:wooden_axe":1,"minecraft:furnace":1,"minecraft:stone_axe":1},"minecraft:picked_up":{"minecraft:raw_iron":2,"minecraft:stick":1,"minecraft:crafting_table":3,"minecraft:feather":1,"minecraft:chicken":3,"minecraft:clay_ball":196,"minecraft:sweet_berries":43,"minecraft:oak_log":46,"minecraft:ink_sac":3,"minecraft:string":3,"minecraft:dirt":17,"minecraft:calcite":30,"minecraft:oak_sapling":3,"minecraft:cobblestone":14,"minecraft:egg":4},"minecraft:used":{"minecraft:wooden_axe":59,"minecraft:stone_pickaxe":70,"minecraft:wooden_pickaxe":24,"minecraft:stone_axe":22,"minecraft:wooden_sword":4,"minecraft:dirt":8,"minecraft:crafting_table":3,"minecraft:sweet_berries":30,"minecraft:oak_sapling":3}},"DataVersion":3465}