{"stats":{"minecraft:broken":{"minecraft:stone_sword":1,"simplyswords:iron_katana":1,"minecraft:stone_pickaxe":1,"minecraft:stone_axe":1,"minecraft:iron_pickaxe":1},"minecraft:picked_up":{"minecraft:crafting_table":11,"minecraft:iron_chestplate":1,"minecraft:chicken":3,"minecraft:ladder":1,"minecraft:smithing_table":1,"friendsandfoes:totem_of_illusion":1,"minecraft:gold_block":1,"minecraft:enchanted_book":6,"minecraft:stone_brick_stairs":1,"minecraft:iron_axe":1,"minecraft:oak_trapdoor":2,"minecraft:string":42,"minecraft:red_bed":1,"minecraft:item_frame":2,"minecraft:cracked_stone_bricks":1,"minecraft:red_sand":3,"minecraft:gold_nugget":2,"minecraft:cobbled_deepslate":9,"minecraft:bucket":2,"comforts:sleeping_bag_white":2,"minecraft:beef":19,"minecraft:player_head":1,"minecraft:azalea_leaves":1,"naturalist:catfish":2,"minecraft:sugar_cane":42,"minecraft:furnace":8,"minecraft:egg":1,"minecraft:stick":1,"minecraft:raw_iron":145,"minecraft:torch":11,"travelersbackpack:iron_tier_upgrade":1,"minecraft:porkchop":12,"minecraft:pointed_dripstone":2,"minecraft:arrow":43,"minecraft:rotten_flesh":46,"minecraft:hay_block":32,"minecraft:waxed_oxidized_cut_copper_stairs":1,"minecraft:yellow_terracotta":8,"minecraft:gold_ingot":46,"minecraft:glow_berries":11,"minecraft:mutton":21,"adventurez:orc_skin":4,"minecraft:white_wool":13,"minecraft:cobblestone":100,"minecraft:birch_log":12,"minecraft:lime_bed":6,"minecraft:magma_block":2,"minecraft:feather":4,"minecraft:glow_ink_sac":2,"minecraft:golden_leggings":2,"minecraft:salmon":1,"minecraft:birch_slab":1,"minecraft:water_bucket":1,"minecraft:andesite":26,"minecraft:leather":16,"minecraft:potato":1,"minecraft:birch_planks":2,"minecraft:tuff":4,"minecraft:oak_log":55,"minecraft:lily_pad":1,"minecraft:gunpowder":7,"minecraft:cobblestone_stairs":1,"minecraft:lapis_lazuli":254,"minecraft:dirt":11,"naturalist:bass":16,"minecraft:cooked_mutton":15,"minecraft:glass":12,"minecraft:bone":52,"minecraft:witch_spawn_egg":2,"minecraft:stone_bricks":7,"minecraft:kelp":2,"minecraft:wheat_seeds":18,"minecraft:raw_gold":15,"minecraft:stone_pickaxe":1,"minecraft:iron_ingot":54,"minecraft:glass_bottle":3,"minecraft:glowstone_dust":1,"minecraft:honeycomb":1,"minecraft:oak_planks":113,"travelersbackpack:blank_upgrade":2,"minecraft:iron_sword":1,"minecraft:book":102,"minecraft:smooth_basalt":1,"minecraft:sheep_spawn_egg":1,"minecraft:sand":85,"minecraft:amethyst_shard":2,"minecraft:red_banner":2,"minecraft:spruce_log":16,"naturalist:cooked_bass":1,"minecraft:spider_eye":7,"travelersbackpack:standard":1,"minecraft:slime_ball":1,"minecraft:diamond":17,"minecraft:stone_axe":1,"immersive_melodies:didgeridoo":1,"minecraft:spruce_sign":1,"minecraft:bread":1,"minecraft:emerald":35,"minecraft:coal":102},"minecraft:killed_by":{"minecraft:husk":1,"minecraft:piglin_brute":1,"minecraft:creeper":4,"minecraft:skeleton":3,"cave_dweller:cave_dweller":1,"minecraft:illusioner":1},"minecraft:killed":{"minecraft:witch":4,"minecraft:spider":20,"minecraft:vindicator":3,"naturalist:snail":1,"minecraft:skeleton":26,"minecraft:chicken":4,"naturalist:bass":12,"minecraft:drowned":1,"minecraft:illusioner":1,"minecraft:piglin_brute":4,"adventurez:orc":1,"minecraft:piglin":2,"minecraft:husk":3,"minecraft:parrot":1,"minecraft:pig":5,"minecraft:zombie_villager":1,"minecraft:salmon":1,"naturalist:butterfly":2,"minecraft:creeper":4,"minecraft:sheep":11,"minecraft:pillager":11,"minecraft:zombie":42,"naturalist:catfish":2,"minecraft:villager":2,"minecraft:enderman":1,"minecraft:cow":11},"minecraft:dropped":{"minecraft:enchanted_book":6,"minecraft:spruce_sign":1,"minecraft:iron_ingot":36,"minecraft:iron_sword":1,"minecraft:wheat_seeds":15,"minecraft:glow_ink_sac":2,"minecraft:glass_bottle":2,"minecraft:diamond":1,"minecraft:feather":2,"minecraft:yellow_terracotta":8,"minecraft:iron_helmet":1,"minecraft:cobblestone":2,"travelersbackpack:iron_tier_upgrade":1,"minecraft:birch_slab":1,"minecraft:emerald":1,"minecraft:stick":9,"minecraft:cobblestone_stairs":1,"minecraft:dirt":3,"minecraft:torch":2,"travelersbackpack:blank_upgrade":3,"naturalist:catfish":1,"minecraft:iron_leggings":1,"minecraft:string":11,"minecraft:lily_pad":1,"minecraft:white_wool":7,"minecraft:gold_ingot":1,"minecraft:bone":1,"minecraft:kelp":2,"minecraft:stone_axe":1,"minecraft:oak_trapdoor":2,"minecraft:player_head":1,"minecraft:cobbled_deepslate":5,"minecraft:bowl":1,"minecraft:tuff":2,"minecraft:pointed_dripstone":2,"minecraft:chicken":3,"minecraft:rotten_flesh":6,"minecraft:oak_planks":2,"minecraft:iron_boots":1,"minecraft:glowstone_dust":1,"naturalist:cooked_bass":1,"minecraft:salmon":1,"minecraft:potato":1,"minecraft:shield":1,"minecraft:gunpowder":5,"minecraft:azalea_leaves":1,"minecraft:iron_chestplate":1,"minecraft:andesite":7,"minecraft:golden_leggings":2,"minecraft:spider_eye":1,"minecraft:slime_ball":1,"minecraft:wooden_pickaxe":1,"minecraft:stone_pickaxe":1,"minecraft:magma_block":1,"minecraft:firework_rocket":4,"minecraft:egg":1},"minecraft:mined":{"minecraft:yellow_terracotta":8,"minecraft:tuff":4,"minecraft:spruce_planks":1,"minecraft:mossy_cobblestone":1,"minecraft:deepslate_diamond_ore":3,"minecraft:cobblestone_stairs":1,"minecraft:ladder":1,"minecraft:stone_button":1,"minecraft:spruce_fence":2,"minecraft:grass_block":3,"minecraft:birch_slab":1,"minecraft:spawner":16,"minecraft:large_fern":1,"minecraft:hay_block":23,"minecraft:tall_seagrass":1,"minecraft:furnace":8,"minecraft:iron_ore":28,"minecraft:andesite":19,"minecraft:deepslate_lapis_ore":7,"minecraft:peony":1,"minecraft:gold_block":1,"minecraft:bookshelf":15,"minecraft:pointed_dripstone":1,"minecraft:deepslate_iron_ore":72,"minecraft:azalea_leaves":2,"minecraft:stone":82,"minecraft:smithing_table":1,"minecraft:scaffolding":1,"minecraft:red_bed":1,"minecraft:kelp_plant":1,"minecraft:crafting_table":11,"minecraft:torch":7,"minecraft:cobblestone":3,"minecraft:tall_grass":30,"minecraft:deepslate_gold_ore":8,"minecraft:lapis_ore":12,"minecraft:lily_pad":1,"minecraft:sugar_cane":7,"minecraft:wall_torch":1,"minecraft:seagrass":1,"minecraft:lime_bed":5,"minecraft:birch_planks":2,"naturalist:duckweed":1,"minecraft:purple_stained_glass":4,"minecraft:birch_log":12,"minecraft:waxed_oxidized_cut_copper_stairs":1,"minecraft:spruce_log":8,"minecraft:birch_leaves":1,"minecraft:stone_brick_stairs":1,"minecraft:red_wall_banner":1,"minecraft:grass":60,"minecraft:oak_log":45,"minecraft:coal_ore":59,"minecraft:beetroots":1,"minecraft:sand":86,"minecraft:dripstone_block":1,"minecraft:dirt":4,"minecraft:cracked_stone_bricks":1,"minecraft:cobweb":1,"minecraft:smooth_basalt":1,"minecraft:stone_bricks":7,"minecraft:tripwire_hook":1,"minecraft:oak_leaves":7,"minecraft:deepslate":8,"minecraft:fern":2},"minecraft:used":{"naturalist:catfish":1,"minecraft:stone_sword":121,"minecraft:red_sand":3,"minecraft:iron_shovel":162,"minecraft:shield":79,"minecraft:iron_sword":327,"minecraft:iron_chestplate":1,"minecraft:torch":12,"minecraft:dirt":6,"simplyswords:iron_katana":244,"naturalist:cooked_bass":8,"minecraft:tuff":2,"travelersbackpack:iron":4,"minecraft:glass":12,"friendsandfoes:totem_of_illusion":1,"minecraft:iron_axe":6,"minecraft:stone_brick_stairs":1,"minecraft:stone_bricks":7,"minecraft:smooth_basalt":1,"minecraft:beef":1,"minecraft:furnace":7,"comforts:sleeping_bag_white":2,"minecraft:cooked_beef":5,"minecraft:cobbled_deepslate":1,"minecraft:cooked_mutton":3,"minecraft:water_bucket":4,"minecraft:birch_planks":33,"minecraft:stone_pickaxe":245,"minecraft:oak_planks":19,"minecraft:wooden_pickaxe":6,"minecraft:sheep_spawn_egg":1,"minecraft:cracked_stone_bricks":1,"minecraft:glow_berries":11,"minecraft:sand":37,"minecraft:crafting_table":15,"minecraft:lime_bed":6,"minecraft:white_bed":1,"minecraft:bread":49,"minecraft:suspicious_stew":1,"minecraft:iron_pickaxe":495,"minecraft:stone_axe":218,"minecraft:red_banner":1,"minecraft:cobblestone":38,"travelersbackpack:standard":9,"minecraft:cooked_porkchop":3,"minecraft:porkchop":3,"minecraft:smithing_table":1,"minecraft:bucket":8,"minecraft:andesite":17},"minecraft:custom":{"minecraft:interact_with_smithing_table":18,"minecraft:mob_kills":179,"minecraft:interact_with_crafting_table":83,"minecraft:open_barrel":37,"minecraft:bell_ring":2,"minecraft:leave_game":3,"minecraft:time_since_death":27999,"minecraft:climb_one_cm":7938,"minecraft:sprint_one_cm":643727,"minecraft:walk_one_cm":351340,"minecraft:damage_blocked_by_shield":4110,"minecraft:drop":91,"minecraft:talked_to_villager":3,"minecraft:play_time":271662,"minecraft:deaths":13,"minecraft:sneak_time":4740,"minecraft:walk_under_water_one_cm":38322,"minecraft:jump":4671,"minecraft:walk_on_water_one_cm":59822,"minecraft:total_world_time":271662,"minecraft:interact_with_furnace":68,"minecraft:sleep_in_bed":8,"minecraft:time_since_rest":28024,"minecraft:damage_taken":6930,"minecraft:damage_dealt":30992,"minecraft:fly_one_cm":979145,"minecraft:swim_one_cm":141346,"minecraft:open_chest":27,"minecraft:crouch_one_cm":12060,"minecraft:fall_one_cm":132299,"minecraft:inspect_dispenser":1,"minecraft:horse_one_cm":4525},"minecraft:crafted":{"minecraft:oak_planks":124,"travelersbackpack:iron":2,"travelersbackpack:crafting_upgrade":1,"simplyswords:iron_katana":1,"comforts:sleeping_bag_white":1,"minecraft:furnace":1,"naturalist:cooked_bass":8,"travelersbackpack:blank_upgrade":4,"travelersbackpack:gold_tier_upgrade":1,"minecraft:cooked_mutton":18,"minecraft:glass":24,"minecraft:iron_boots":1,"minecraft:iron_axe":1,"minecraft:stone_pickaxe":3,"minecraft:chest":2,"minecraft:wheat":207,"minecraft:cooked_beef":5,"travelersbackpack:iron_tier_upgrade":1,"minecraft:cooked_porkchop":3,"minecraft:crafting_table":6,"travelersbackpack:backpack_tank":4,"minecraft:iron_helmet":1,"minecraft:wooden_pickaxe":1,"travelersbackpack:standard":2,"minecraft:iron_sword":1,"minecraft:smithing_table":1,"minecraft:bucket":1,"minecraft:birch_planks":48,"minecraft:stone_axe":2,"minecraft:bread":69,"minecraft:air":0,"torchesntrinkets:torch_belt":1,"minecraft:iron_chestplate":1,"minecraft:shield":2,"minecraft:stick":36,"minecraft:iron_ingot":52,"minecraft:iron_pickaxe":3,"minecraft:stone_sword":1,"minecraft:iron_leggings":1,"minecraft:iron_shovel":1,"minecraft:gold_ingot":1,"minecraft:white_bed":1,"minecraft:torch":12,"minecraft:shears":1}},"DataVersion":3465}