{"stats":{"minecraft:custom":{"minecraft:mob_kills":92,"minecraft:interact_with_crafting_table":42,"minecraft:interact_with_campfire":6,"minecraft:bell_ring":14,"minecraft:leave_game":5,"minecraft:time_since_death":106340,"minecraft:climb_one_cm":1650,"minecraft:sprint_one_cm":394809,"minecraft:walk_one_cm":482556,"minecraft:drop":49,"minecraft:talked_to_villager":3,"minecraft:play_time":214827,"minecraft:deaths":3,"minecraft:sneak_time":18400,"minecraft:walk_under_water_one_cm":29067,"minecraft:jump":1924,"minecraft:walk_on_water_one_cm":42955,"minecraft:total_world_time":214827,"minecraft:interact_with_furnace":60,"minecraft:sleep_in_bed":6,"minecraft:time_since_rest":39896,"minecraft:damage_taken":3924,"minecraft:damage_dealt":10328,"minecraft:swim_one_cm":40210,"minecraft:fly_one_cm":408968,"minecraft:open_chest":38,"minecraft:crouch_one_cm":20276,"minecraft:interact_with_smoker":12,"minecraft:fall_one_cm":51276},"minecraft:picked_up":{"minecraft:charcoal":2,"minecraft:crafting_table":8,"minecraft:allium":1,"minecraft:chicken":3,"minecraft:diamond_sword":1,"minecraft:wooden_pickaxe":1,"minecraft:shield":1,"minecraft:string":4,"minecraft:raw_copper":4,"exposure:camera":1,"minecraft:zombie_head":2,"minecraft:blackstone":8,"minecraft:sea_pickle":3,"minecraft:candle":3,"minecraft:cobbled_deepslate":23,"comforts:sleeping_bag_white":4,"minecraft:beef":15,"minecraft:poppy":2,"minecraft:iron_pickaxe":1,"minecraft:birch_sapling":1,"minecraft:furnace":7,"minecraft:egg":1,"naturalist:duck":3,"minecraft:stick":14,"minecraft:raw_iron":28,"minecraft:torch":12,"minecraft:porkchop":1,"minecraft:zombie_spawn_egg":1,"minecraft:rotten_flesh":24,"minecraft:decorated_pot":1,"minecraft:hay_block":6,"minecraft:gold_ingot":1,"minecraft:mutton":14,"minecraft:cobblestone":35,"minecraft:white_wool":10,"minecraft:feather":9,"minecraft:cooked_beef":3,"minecraft:salmon":7,"minecraft:leather":7,"minecraft:smoker":2,"minecraft:potato":1,"minecraft:flint":1,"minecraft:tuff":5,"minecraft:oak_log":47,"minecraft:yellow_bed":2,"minecraft:gunpowder":3,"minecraft:lantern":3,"minecraft:lapis_lazuli":91,"minecraft:dirt":51,"minecraft:cooked_mutton":8,"naturalist:bass":21,"minecraft:bone":1,"minecraft:bow":1,"minecraft:wheat_seeds":1,"minecraft:raw_gold":3,"minecraft:iron_ingot":13,"minecraft:cooked_chicken":2,"minecraft:oak_planks":134,"minecraft:smooth_basalt":3,"minecraft:sweet_berries":2,"minecraft:lava_bucket":1,"minecraft:gravel":2,"minecraft:sand":16,"minecraft:spruce_sapling":2,"minecraft:ink_sac":1,"naturalist:cooked_bass":2,"minecraft:slime_ball":1,"minecraft:diamond":4,"minecraft:gray_wool":1,"minecraft:emerald":2,"minecraft:horse_spawn_egg":1,"minecraft:bread":9,"minecraft:oak_sapling":5,"minecraft:coal":17},"minecraft:killed":{"minecraft:spider":5,"naturalist:duck":3,"minecraft:horse":1,"naturalist:snail":1,"minecraft:skeleton":1,"minecraft:chicken":3,"naturalist:bass":24,"naturalist:bear":2,"minecraft:zombie_villager":1,"naturalist:bluejay":2,"minecraft:salmon":9,"minecraft:iron_golem":1,"minecraft:creeper":2,"minecraft:sheep":10,"minecraft:zombie":13,"minecraft:villager":6,"minecraft:cow":7},"minecraft:mined":{"minecraft:large_amethyst_bud":1,"minecraft:tuff":1,"minecraft:deepslate_diamond_ore":3,"minecraft:candle":1,"minecraft:grass_block":11,"minecraft:hay_block":6,"minecraft:tall_seagrass":3,"minecraft:furnace":7,"minecraft:fire":1,"minecraft:deepslate_lapis_ore":15,"minecraft:deepslate_iron_ore":22,"minecraft:lantern":2,"minecraft:stone":30,"minecraft:blackstone":3,"minecraft:smoker":2,"minecraft:crafting_table":7,"minecraft:torch":3,"minecraft:tall_grass":2,"minecraft:cobblestone":3,"minecraft:deepslate_gold_ore":2,"minecraft:wall_torch":10,"minecraft:seagrass":1,"minecraft:yellow_bed":3,"minecraft:grass":5,"minecraft:oak_log":48,"minecraft:coal_ore":16,"minecraft:sand":6,"minecraft:gravel":3,"minecraft:dirt":35,"minecraft:oak_leaves":12,"minecraft:deepslate":24},"minecraft:killed_by":{"minecraft:player":2},"minecraft:used":{"minecraft:stone_sword":92,"minecraft:zombie_spawn_egg":1,"minecraft:cooked_salmon":7,"minecraft:iron_chestplate":1,"minecraft:torch":22,"minecraft:dirt":30,"naturalist:cooked_bass":16,"minecraft:lava_bucket":3,"minecraft:lantern":2,"minecraft:iron_helmet":1,"minecraft:sweet_berries":2,"minecraft:oak_sapling":3,"minecraft:furnace":8,"comforts:sleeping_bag_white":4,"minecraft:egg":1,"minecraft:cooked_beef":9,"minecraft:cobbled_deepslate":10,"minecraft:cooked_mutton":5,"minecraft:water_bucket":4,"minecraft:stone_pickaxe":80,"minecraft:oak_planks":79,"minecraft:blackstone":3,"minecraft:wooden_pickaxe":54,"minecraft:crafting_table":8,"minecraft:smoker":2,"minecraft:zombie_head":1,"minecraft:bread":24,"minecraft:iron_pickaxe":134,"minecraft:stone_axe":110,"minecraft:diamond_sword":138,"minecraft:cobblestone":4,"travelersbackpack:standard":1,"minecraft:porkchop":1,"minecraft:bucket":11,"minecraft:yellow_bed":1},"minecraft:broken":{"minecraft:wooden_pickaxe":1},"minecraft:crafted":{"minecraft:oak_planks":188,"comforts:sleeping_bag_white":1,"minecraft:furnace":1,"minecraft:lever":1,"naturalist:cooked_bass":20,"minecraft:cooked_mutton":9,"minecraft:glass_pane":16,"minecraft:glass":20,"minecraft:stone_pickaxe":1,"minecraft:chest":1,"minecraft:oak_button":1,"exposure:camera":1,"minecraft:wheat":54,"minecraft:cooked_beef":15,"minecraft:diamond_sword":1,"minecraft:crafting_table":2,"travelersbackpack:standard":1,"travelersbackpack:backpack_tank":2,"minecraft:wooden_pickaxe":1,"minecraft:iron_helmet":2,"minecraft:cooked_salmon":7,"minecraft:bucket":1,"minecraft:stone_axe":1,"minecraft:bread":19,"minecraft:air":0,"minecraft:iron_chestplate":1,"minecraft:stick":28,"minecraft:iron_ingot":15,"minecraft:iron_pickaxe":1,"minecraft:stone_sword":1,"minecraft:torch":60},"minecraft:dropped":{"minecraft:bread":10,"minecraft:cooked_beef":2,"minecraft:iron_helmet":1,"minecraft:flint":1,"minecraft:stick":6,"minecraft:lava_bucket":1,"minecraft:dirt":18,"minecraft:ink_sac":1,"minecraft:torch":2,"minecraft:iron_pickaxe":1,"minecraft:spruce_sapling":2,"minecraft:smooth_basalt":3,"minecraft:gravel":2,"minecraft:stone_sword":1,"minecraft:cobbled_deepslate":13,"minecraft:raw_copper":4,"minecraft:wheat":9,"minecraft:tuff":5,"minecraft:birch_sapling":1,"minecraft:rotten_flesh":13,"minecraft:oak_planks":4,"naturalist:cooked_bass":6,"minecraft:diamond_sword":1,"minecraft:poppy":2,"minecraft:shield":1,"exposure:camera":1,"minecraft:yellow_bed":1,"minecraft:oak_sapling":2,"minecraft:stone_pickaxe":1}},"DataVersion":3465}