{"stats":{"minecraft:broken":{"minecraft:wooden_pickaxe":1,"minecraft:stone_pickaxe":2,"minecraft:wooden_sword":1,"minecraft:iron_pickaxe":1,"minecraft:wooden_axe":1},"minecraft:picked_up":{"minecraft:charcoal":6,"minecraft:crafting_table":10,"minecraft:coarse_dirt":4,"minecraft:chainmail_boots":1,"minecraft:chicken":13,"minecraft:oak_stairs":2,"minecraft:shield":4,"minecraft:string":29,"minecraft:raw_copper":47,"minecraft:blackstone":7,"minecraft:oak_sign":1,"minecraft:cobbled_deepslate":169,"minecraft:beef":16,"minecraft:iron_pickaxe":3,"naturalist:catfish":1,"minecraft:sugar_cane":26,"minecraft:chest":1,"minecraft:birch_sapling":1,"minecraft:spruce_trapdoor":1,"minecraft:beehive":1,"minecraft:furnace":9,"minecraft:egg":8,"naturalist:duck":1,"minecraft:stick":8,"minecraft:raw_iron":75,"minecraft:oak_door":2,"minecraft:torch":44,"minecraft:spruce_stairs":1,"minecraft:porkchop":38,"minecraft:pointed_dripstone":13,"minecraft:carrot":7,"minecraft:redstone":241,"minecraft:arrow":2,"minecraft:stone_sword":3,"minecraft:rotten_flesh":18,"minecraft:stone_shovel":3,"minecraft:pumpkin_pie":2,"minecraft:cow_spawn_egg":1,"minecraft:gold_ingot":2,"adventurez:orc_skin":4,"minecraft:white_wool":14,"minecraft:mutton":13,"minecraft:obsidian":2,"minecraft:cobblestone":317,"minecraft:stripped_oak_log":3,"minecraft:birch_log":12,"minecraft:magma_block":4,"minecraft:feather":14,"minecraft:birch_slab":1,"minecraft:andesite":62,"minecraft:salmon":14,"minecraft:leather":15,"minecraft:smoker":1,"minecraft:filled_map":2,"minecraft:birch_planks":52,"minecraft:flint":1,"minecraft:tuff":2,"minecraft:oak_log":74,"minecraft:yellow_bed":4,"minecraft:gunpowder":1,"minecraft:lapis_lazuli":302,"minecraft:dirt":16,"minecraft:white_banner":1,"naturalist:bass":12,"minecraft:bone":1,"minecraft:witch_spawn_egg":1,"minecraft:bow":1,"minecraft:wheat_seeds":27,"minecraft:raw_gold":95,"minecraft:iron_ingot":36,"minecraft:stone_pickaxe":4,"minecraft:bamboo":58,"minecraft:oak_planks":200,"minecraft:book":12,"minecraft:oak_slab":11,"minecraft:smooth_basalt":3,"minecraft:sheep_spawn_egg":1,"minecraft:pumpkin":13,"minecraft:dripstone_block":20,"minecraft:gravel":10,"minecraft:lava_bucket":1,"minecraft:sand":12,"minecraft:amethyst_shard":4,"minecraft:stripped_spruce_log":4,"minecraft:spruce_sapling":13,"minecraft:spruce_log":26,"minecraft:spider_eye":2,"naturalist:cooked_bass":2,"minecraft:mossy_cobblestone":4,"travelersbackpack:standard":1,"minecraft:white_candle":11,"minecraft:clay":1,"minecraft:diamond":13,"minecraft:stone_axe":3,"minecraft:chainmail_leggings":1,"minecraft:bread":21,"minecraft:oak_sapling":15,"minecraft:black_wool":1,"minecraft:coal":72,"minecraft:mangrove_propagule":2},"minecraft:killed_by":{"minecraft:creeper":1,"minecraft:drowned":1,"minecraft:skeleton":3,"cave_dweller:cave_dweller":1},"minecraft:killed":{"minecraft:spider":6,"naturalist:duck":1,"minecraft:phantom":2,"minecraft:horse":3,"minecraft:skeleton":3,"minecraft:chicken":17,"naturalist:bass":13,"adventurez:orc":1,"minecraft:pig":17,"minecraft:salmon":21,"minecraft:bat":1,"minecraft:creeper":1,"minecraft:sheep":9,"naturalist:catfish":1,"minecraft:zombie":21,"minecraft:cow":10},"minecraft:dropped":{"minecraft:water_bucket":1,"minecraft:iron_ingot":31,"minecraft:bread":6,"minecraft:clay":1,"minecraft:wheat_seeds":3,"minecraft:lapis_lazuli":106,"minecraft:oak_log":7,"minecraft:diamond":1,"minecraft:dripstone_block":4,"minecraft:witch_spawn_egg":1,"minecraft:mangrove_propagule":1,"minecraft:cobblestone":63,"travelersbackpack:standard":1,"minecraft:coal":5,"minecraft:flint":1,"minecraft:lava_bucket":1,"minecraft:dirt":7,"minecraft:torch":30,"minecraft:cooked_salmon":2,"minecraft:iron_pickaxe":1,"minecraft:chainmail_leggings":1,"minecraft:string":15,"minecraft:birch_log":6,"minecraft:bucket":1,"minecraft:spruce_sapling":6,"minecraft:oak_door":1,"minecraft:smooth_basalt":1,"minecraft:gravel":10,"minecraft:stone_axe":1,"minecraft:sugar_cane":21,"minecraft:coarse_dirt":2,"minecraft:stone_sword":1,"minecraft:tuff":1,"minecraft:pointed_dripstone":6,"minecraft:obsidian":2,"minecraft:stone_shovel":1,"minecraft:oak_planks":52,"minecraft:white_candle":4,"minecraft:beehive":1,"minecraft:hay_block":10,"adventurez:orc_skin":4,"minecraft:spruce_planks":3,"minecraft:oak_sapling":10,"minecraft:chainmail_boots":1,"minecraft:stone_pickaxe":3},"minecraft:mined":{"minecraft:tuff":3,"minecraft:mossy_cobblestone":4,"minecraft:deepslate_diamond_ore":10,"minecraft:obsidian":2,"minecraft:allium":1,"minecraft:grass_block":6,"minecraft:mangrove_propagule":1,"minecraft:large_fern":5,"minecraft:tall_seagrass":5,"minecraft:magma_block":6,"minecraft:redstone_ore":1,"minecraft:furnace":7,"minecraft:carrots":2,"minecraft:iron_ore":23,"minecraft:fire":1,"minecraft:andesite":33,"minecraft:pumpkin":13,"minecraft:deepslate_lapis_ore":13,"minecraft:bookshelf":4,"minecraft:pointed_dripstone":8,"minecraft:vine":1,"minecraft:deepslate_iron_ore":46,"minecraft:oak_stairs":2,"minecraft:stripped_oak_log":3,"minecraft:bamboo":8,"minecraft:stone":187,"minecraft:deepslate_redstone_ore":29,"minecraft:oak_slab":11,"minecraft:blackstone":7,"minecraft:smoker":1,"minecraft:amethyst_cluster":1,"minecraft:crafting_table":9,"minecraft:chest":1,"minecraft:stone_slab":2,"minecraft:tall_grass":68,"minecraft:cobblestone":3,"minecraft:copper_ore":12,"minecraft:white_candle":1,"minecraft:deepslate_gold_ore":53,"minecraft:lapis_ore":3,"minecraft:sugar_cane":2,"minecraft:oak_planks":5,"minecraft:wall_torch":2,"minecraft:pink_petals":2,"minecraft:birch_sapling":1,"minecraft:seagrass":6,"minecraft:sweet_berry_bush":1,"minecraft:beehive":1,"minecraft:birch_log":6,"minecraft:yellow_bed":4,"minecraft:grass":170,"minecraft:oak_log":53,"minecraft:coal_ore":31,"minecraft:sand":13,"minecraft:gravel":11,"minecraft:dripstone_block":18,"minecraft:dirt":3,"minecraft:smooth_basalt":1,"minecraft:oak_leaves":4,"minecraft:deepslate":140,"minecraft:fern":15},"minecraft:used":{"minecraft:stone_sword":78,"minecraft:stone_shovel":15,"minecraft:oak_sign":1,"minecraft:chest":7,"minecraft:shield":19,"minecraft:wooden_shovel":4,"minecraft:cooked_salmon":12,"minecraft:cooked_chicken":2,"minecraft:oak_door":1,"minecraft:iron_chestplate":1,"minecraft:white_candle":3,"minecraft:torch":52,"minecraft:dirt":1,"minecraft:carrot":1,"naturalist:cooked_bass":9,"minecraft:golden_shovel":26,"minecraft:wooden_axe":61,"minecraft:lava_bucket":6,"minecraft:oak_stairs":2,"minecraft:iron_helmet":1,"minecraft:magma_block":4,"minecraft:furnace":9,"minecraft:cobbled_deepslate":22,"minecraft:golden_boots":1,"naturalist:bass":2,"minecraft:water_bucket":16,"minecraft:birch_planks":7,"minecraft:stone_pickaxe":392,"minecraft:oak_planks":40,"minecraft:wooden_pickaxe":59,"minecraft:crafting_table":13,"minecraft:oak_slab":12,"minecraft:diamond_pickaxe":563,"minecraft:bread":19,"minecraft:iron_pickaxe":282,"minecraft:stone_axe":114,"minecraft:diamond_sword":536,"minecraft:wooden_sword":81,"travelersbackpack:standard":6,"minecraft:cobblestone":64,"minecraft:porkchop":5,"minecraft:cooked_porkchop":3,"minecraft:bucket":23,"minecraft:andesite":5,"minecraft:yellow_bed":3,"minecraft:pumpkin_pie":2},"minecraft:custom":{"minecraft:mob_kills":128,"minecraft:interact_with_crafting_table":61,"minecraft:bell_ring":21,"minecraft:leave_game":1,"minecraft:time_since_death":6312,"minecraft:climb_one_cm":498,"minecraft:sprint_one_cm":636316,"minecraft:walk_one_cm":1186836,"minecraft:damage_blocked_by_shield":1075,"minecraft:drop":87,"minecraft:play_time":315593,"minecraft:deaths":8,"minecraft:sneak_time":10876,"minecraft:walk_under_water_one_cm":81442,"minecraft:jump":3626,"minecraft:walk_on_water_one_cm":87359,"minecraft:total_world_time":315593,"minecraft:interact_with_furnace":68,"minecraft:sleep_in_bed":11,"minecraft:time_since_rest":6394,"minecraft:damage_taken":4663,"minecraft:damage_dealt":14077,"minecraft:swim_one_cm":47654,"minecraft:fly_one_cm":407329,"minecraft:open_chest":50,"minecraft:crouch_one_cm":17139,"minecraft:interact_with_smoker":1,"minecraft:fall_one_cm":99243},"minecraft:crafted":{"minecraft:wooden_sword":1,"minecraft:oak_planks":240,"comforts:sleeping_bag_white":1,"minecraft:cooked_chicken":2,"minecraft:furnace":4,"naturalist:cooked_bass":7,"minecraft:glass":12,"minecraft:stone_pickaxe":3,"minecraft:chest":7,"minecraft:golden_boots":1,"minecraft:oak_slab":24,"minecraft:wooden_shovel":1,"minecraft:diamond_sword":1,"minecraft:cooked_porkchop":3,"minecraft:crafting_table":6,"minecraft:spruce_planks":52,"travelersbackpack:standard":1,"travelersbackpack:backpack_tank":2,"minecraft:wooden_pickaxe":1,"minecraft:iron_helmet":1,"minecraft:cooked_salmon":14,"minecraft:golden_shovel":1,"minecraft:bucket":2,"minecraft:birch_planks":24,"minecraft:stone_axe":1,"minecraft:air":0,"minecraft:iron_chestplate":1,"minecraft:diamond_pickaxe":1,"minecraft:stick":28,"minecraft:iron_ingot":36,"minecraft:iron_pickaxe":2,"minecraft:wooden_axe":1,"minecraft:stone_sword":1,"minecraft:gold_ingot":35,"minecraft:torch":52}},"DataVersion":3465}