{"stats":{"minecraft:broken":{"minecraft:stone_sword":1,"minecraft:stone_pickaxe":2,"minecraft:shield":1,"minecraft:stone_axe":1,"minecraft:iron_pickaxe":1},"minecraft:picked_up":{"minecraft:coarse_dirt":2,"minecraft:charcoal":2,"minecraft:crafting_table":9,"minecraft:chainmail_boots":2,"minecraft:chicken":1,"minecraft:clay_ball":68,"minecraft:stone_brick_stairs":2,"minecraft:shield":2,"minecraft:string":13,"minecraft:moss_carpet":6,"minecraft:raw_copper":47,"minecraft:blackstone":6,"minecraft:sea_pickle":14,"minecraft:cracked_stone_bricks":1,"minecraft:candle":4,"minecraft:cobbled_deepslate":85,"minecraft:bucket":1,"minecraft:wooden_shovel":2,"minecraft:iron_pickaxe":1,"minecraft:sugar_cane":5,"minecraft:chest":1,"minecraft:birch_sapling":3,"minecraft:egg":2,"minecraft:furnace":5,"minecraft:raw_iron":45,"minecraft:stick":24,"minecraft:oak_door":1,"minecraft:torch":20,"minecraft:pointed_dripstone":68,"minecraft:carrot":9,"minecraft:redstone":44,"minecraft:stone_shovel":1,"minecraft:stone_sword":3,"minecraft:arrow":19,"minecraft:rotten_flesh":16,"minecraft:decorated_pot":1,"minecraft:hay_block":34,"minecraft:obsidian":2,"minecraft:white_wool":4,"minecraft:cobblestone":146,"minecraft:cave_spider_spawn_egg":1,"minecraft:birch_log":12,"minecraft:magma_block":6,"minecraft:feather":1,"minecraft:cooked_beef":5,"minecraft:salmon":3,"minecraft:glow_ink_sac":2,"minecraft:andesite":27,"minecraft:smoker":3,"minecraft:birch_planks":5,"minecraft:tuff":12,"minecraft:oak_log":38,"minecraft:yellow_bed":4,"minecraft:gunpowder":2,"minecraft:lapis_lazuli":55,"minecraft:dirt":74,"naturalist:bass":3,"minecraft:bone":14,"minecraft:green_candle":1,"minecraft:raw_gold":43,"minecraft:iron_ingot":14,"minecraft:stone_pickaxe":7,"minecraft:mossy_stone_brick_stairs":2,"minecraft:oak_planks":170,"minecraft:book":12,"minecraft:smooth_basalt":1,"minecraft:pumpkin":12,"minecraft:sweet_berries":5,"minecraft:lava_bucket":1,"minecraft:dripstone_block":42,"minecraft:gravel":6,"minecraft:amethyst_shard":4,"minecraft:spruce_sapling":7,"minecraft:spruce_log":19,"naturalist:cooked_bass":4,"minecraft:mossy_cobblestone":5,"minecraft:white_candle":12,"minecraft:diamond":6,"minecraft:stone_axe":3,"minecraft:chainmail_leggings":2,"minecraft:iron_helmet":1,"minecraft:bread":1,"minecraft:oak_sapling":29,"minecraft:coal":42,"minecraft:mangrove_propagule":6},"minecraft:killed_by":{"minecraft:creeper":3,"minecraft:enderman":2,"minecraft:skeleton":1,"minecraft:zombie":1,"cave_dweller:cave_dweller":1},"minecraft:killed":{"minecraft:spider":5,"minecraft:skeleton":6,"naturalist:bass":2,"minecraft:zombie_villager":1,"minecraft:salmon":1,"minecraft:creeper":3,"minecraft:pillager":1,"minecraft:zombie":14,"minecraft:enderman":2},"minecraft:dropped":{"minecraft:bread":15,"minecraft:clay":1,"minecraft:diamond":1,"minecraft:crafting_table":1,"minecraft:decorated_pot":1,"minecraft:mangrove_propagule":2,"minecraft:stick":9,"minecraft:lava_bucket":1,"minecraft:pumpkin_pie":2,"minecraft:white_wool":2,"minecraft:spruce_sapling":1,"minecraft:blackstone":5,"minecraft:birch_sapling":1,"minecraft:oak_sign":1,"minecraft:shield":2,"minecraft:wooden_shovel":1,"minecraft:oak_sapling":5,"minecraft:stone_pickaxe":2,"minecraft:wooden_pickaxe":1},"minecraft:mined":{"minecraft:large_amethyst_bud":2,"minecraft:tuff":1,"minecraft:mossy_cobblestone":5,"minecraft:deepslate_diamond_ore":5,"minecraft:candle":1,"minecraft:red_sand":2,"minecraft:grass_block":14,"minecraft:decorated_pot":1,"minecraft:spruce_leaves":8,"minecraft:hay_block":24,"minecraft:magma_block":3,"minecraft:furnace":4,"minecraft:iron_ore":4,"minecraft:cobbled_deepslate":2,"minecraft:andesite":26,"minecraft:mossy_stone_brick_stairs":2,"minecraft:dirt_path":1,"minecraft:pointed_dripstone":13,"minecraft:deepslate_iron_ore":41,"minecraft:green_candle":1,"minecraft:stone":52,"minecraft:deepslate_redstone_ore":5,"minecraft:amethyst_cluster":1,"minecraft:clay":9,"minecraft:crafting_table":7,"minecraft:torch":2,"minecraft:chest":1,"minecraft:tall_grass":1,"minecraft:cobblestone":13,"minecraft:white_candle":1,"minecraft:lapis_ore":3,"minecraft:deepslate_gold_ore":39,"minecraft:oak_planks":8,"minecraft:wall_torch":3,"minecraft:coarse_dirt":2,"minecraft:birch_log":6,"minecraft:sea_pickle":4,"minecraft:spruce_log":19,"minecraft:birch_leaves":1,"minecraft:stone_brick_stairs":2,"minecraft:yellow_bed":2,"minecraft:grass":6,"minecraft:coal_ore":28,"minecraft:oak_log":30,"minecraft:gravel":3,"minecraft:dirt":26,"minecraft:dripstone_block":19,"minecraft:cracked_stone_bricks":1,"minecraft:oak_leaves":5,"minecraft:deepslate":65,"minecraft:suspicious_gravel":1},"minecraft:used":{"minecraft:stone_sword":137,"minecraft:spruce_slab":4,"minecraft:stone_shovel":28,"minecraft:ladder":30,"minecraft:oak_sign":2,"minecraft:chest":3,"minecraft:shield":75,"minecraft:iron_sword":32,"minecraft:rotten_flesh":16,"minecraft:white_candle":4,"minecraft:oak_door":3,"minecraft:torch":58,"minecraft:dirt":69,"minecraft:carrot":9,"naturalist:cooked_bass":4,"minecraft:tuff":7,"minecraft:lava_bucket":1,"minecraft:birch_sapling":1,"minecraft:sweet_berries":1,"minecraft:furnace":7,"minecraft:cooked_beef":5,"minecraft:cobbled_deepslate":28,"naturalist:bass":2,"minecraft:water_bucket":9,"minecraft:birch_planks":1,"minecraft:stone_pickaxe":280,"minecraft:oak_planks":55,"minecraft:wooden_pickaxe":6,"minecraft:salmon":3,"minecraft:crafting_table":13,"minecraft:dripstone_block":12,"minecraft:apple":1,"minecraft:chicken":1,"minecraft:bread":30,"minecraft:iron_pickaxe":394,"minecraft:gravel":3,"minecraft:stone_axe":132,"minecraft:cobblestone":68,"minecraft:bucket":10,"minecraft:andesite":27,"minecraft:yellow_bed":4},"minecraft:custom":{"minecraft:mob_kills":35,"minecraft:interact_with_crafting_table":48,"minecraft:bell_ring":51,"minecraft:time_since_death":448,"minecraft:climb_one_cm":14117,"minecraft:sprint_one_cm":632990,"minecraft:walk_one_cm":833993,"minecraft:damage_blocked_by_shield":4560,"minecraft:drop":25,"minecraft:talked_to_villager":1,"minecraft:play_time":248485,"minecraft:deaths":8,"minecraft:sneak_time":10466,"minecraft:walk_under_water_one_cm":30752,"minecraft:jump":2620,"minecraft:walk_on_water_one_cm":91496,"minecraft:total_world_time":248485,"minecraft:interact_with_furnace":52,"minecraft:sleep_in_bed":9,"minecraft:time_since_rest":614,"minecraft:damage_taken":4241,"minecraft:damage_dealt":7068,"minecraft:swim_one_cm":109045,"minecraft:fly_one_cm":282023,"minecraft:open_chest":49,"minecraft:crouch_one_cm":25348,"minecraft:interact_with_smoker":1,"minecraft:fall_one_cm":44818},"minecraft:crafted":{"minecraft:oak_door":3,"minecraft:oak_planks":92,"minecraft:stone_shovel":1,"minecraft:oak_sign":3,"minecraft:furnace":3,"minecraft:bow":1,"minecraft:iron_boots":1,"minecraft:ladder":30,"minecraft:spruce_slab":6,"minecraft:stone_pickaxe":3,"minecraft:chest":2,"minecraft:wheat":216,"minecraft:crafting_table":5,"minecraft:spruce_planks":24,"minecraft:wooden_pickaxe":1,"minecraft:iron_sword":1,"minecraft:bucket":1,"minecraft:birch_planks":24,"minecraft:stone_axe":1,"minecraft:bread":72,"minecraft:air":0,"minecraft:iron_chestplate":1,"minecraft:shield":3,"minecraft:stick":112,"minecraft:iron_ingot":45,"minecraft:iron_pickaxe":2,"minecraft:stone_sword":1,"minecraft:iron_leggings":1,"minecraft:torch":48,"minecraft:clay":1}},"DataVersion":3465}