{"stats":{"minecraft:broken":{"minecraft:diamond_helmet":1,"minecraft:shield":2},"minecraft:picked_up":{"minecraft:wooden_axe":1,"minecraft:wheat":87,"minecraft:diamond_sword":2,"minecraft:oak_stairs":2,"minecraft:enchanted_book":4,"minecraft:potion":4,"minecraft:golden_shovel":2,"minecraft:brewing_stand":1,"minecraft:amethyst_block":1,"minecraft:string":29,"minecraft:cooked_salmon":6,"minecraft:iron_leggings":1,"minecraft:zombie_head":1,"exposure:camera":1,"minecraft:oak_sign":1,"minecraft:sea_pickle":3,"minecraft:red_sand":3,"minecraft:deepslate_tiles":2,"minecraft:gold_nugget":3,"minecraft:cobbled_deepslate":82,"bosses_of_mass_destruction:soul_star":1,"minecraft:bucket":2,"comforts:sleeping_bag_white":3,"minecraft:wooden_shovel":3,"minecraft:iron_pickaxe":6,"minecraft:furnace":1,"minecraft:stick":5,"minecraft:oak_fence":2,"minecraft:torch":20,"minecraft:porkchop":20,"minecraft:yellow_banner":1,"minecraft:zombie_spawn_egg":1,"minecraft:stone_sword":1,"minecraft:light_gray_bed":1,"minecraft:rotten_flesh":55,"minecraft:red_tulip":1,"adventurez:orc_skin":5,"minecraft:iron_bars":1,"minecraft:cobblestone":29,"minecraft:cave_spider_spawn_egg":1,"minecraft:magma_block":1,"minecraft:feather":5,"minecraft:cooked_beef":2,"minecraft:birch_slab":5,"minecraft:andesite":17,"minecraft:brown_wool":1,"minecraft:potato":2,"minecraft:tuff":4,"travelersbackpack:gold_tier_upgrade":1,"minecraft:lapis_lazuli":8,"minecraft:dirt":53,"minecraft:lantern":1,"minecraft:bone":80,"minecraft:bow":4,"minecraft:wheat_seeds":66,"minecraft:raw_gold":17,"minecraft:oak_planks":20,"simplyswords:toxic_longsword":1,"minecraft:sand":14,"minecraft:ink_sac":11,"minecraft:grass_block":2,"naturalist:duck_egg":2,"minecraft:mossy_cobblestone":2,"minecraft:sugar":6,"minecraft:diamond":43,"minecraft:soul_lantern":1,"minecraft:bread":7,"minecraft:emerald":16,"minecraft:oak_sapling":3,"minecraft:crafting_table":12,"minecraft:azure_bluet":2,"minecraft:chicken":2,"simplyswords:diamond_katana":4,"friendsandfoes:totem_of_illusion":3,"minecraft:shield":2,"minecraft:cornflower":3,"minecraft:oak_trapdoor":2,"minecraft:moss_carpet":3,"minecraft:iron_axe":5,"minecraft:item_frame":1,"minecraft:compass":1,"minecraft:birch_fence":1,"minecraft:blackstone":1,"minecraft:beef":23,"minecraft:player_head":2,"minecraft:poppy":2,"minecraft:light_gray_wool":1,"minecraft:phantom_membrane":9,"minecraft:egg":3,"minecraft:raw_iron":31,"minecraft:carrot":1,"minecraft:redstone":18,"minecraft:arrow":73,"minecraft:hay_block":24,"minecraft:glistering_melon_slice":2,"minecraft:gold_ingot":6,"minecraft:mutton":31,"minecraft:white_wool":10,"minecraft:glow_ink_sac":2,"minecraft:tripwire_hook":2,"minecraft:salmon":8,"minecraft:leather":8,"minecraft:oak_log":47,"minecraft:yellow_bed":1,"minecraft:gunpowder":8,"minecraft:cobblestone_wall":3,"minecraft:blue_bed":3,"minecraft:white_banner":1,"minecraft:cooked_mutton":4,"naturalist:bass":1,"minecraft:red_carpet":1,"minecraft:coast_armor_trim_smithing_template":1,"minecraft:apple":1,"minecraft:iron_ingot":57,"minecraft:glass_bottle":2,"minecraft:iron_sword":1,"travelersbackpack:blank_upgrade":5,"minecraft:book":75,"minecraft:scaffolding":1,"minecraft:smooth_basalt":5,"minecraft:sweet_berries":4,"minecraft:dripstone_block":1,"minecraft:gravel":3,"minecraft:amethyst_shard":3,"minecraft:red_banner":6,"minecraft:spruce_sapling":1,"minecraft:spruce_log":2,"naturalist:cooked_bass":2,"minecraft:spider_eye":13,"travelersbackpack:standard":1,"minecraft:slime_ball":1,"minecraft:stone_axe":2,"minecraft:baked_potato":12,"ribbits:umbrella_leaf":1,"minecraft:damaged_anvil":2,"minecraft:mangrove_propagule":1,"minecraft:coal":3,"minecraft:ender_pearl":10},"minecraft:killed_by":{"minecraft:creeper":1,"minecraft:zombie":1,"minecraft:enderman":1,"minecraft:skeleton":1},"minecraft:killed":{"minecraft:witch":7,"minecraft:spider":27,"naturalist:robin":1,"minecraft:skeleton":55,"minecraft:chicken":1,"minecraft:illusioner":3,"minecraft:pig":7,"minecraft:zombie_villager":3,"minecraft:salmon":8,"minecraft:creeper":8,"minecraft:sheep":21,"minecraft:pillager":5,"minecraft:zombie":58,"ribbits:ribbit":1,"minecraft:cow":12,"minecraft:vindicator":10,"naturalist:tortoise":1,"minecraft:phantom":13,"creeperoverhaul:snowy_creeper":2,"minecraft:horse":1,"naturalist:deer":1,"adventurez:orc":2,"minecraft:husk":2,"naturalist:bear":1,"minecraft:squid":7,"adventurez:deer":1,"minecraft:player":2,"minecraft:enderman":14},"minecraft:dropped":{"minecraft:iron_sword":1,"minecraft:diamond_axe":1,"minecraft:cooked_beef":4,"minecraft:glow_ink_sac":2,"minecraft:baked_potato":12,"minecraft:glass_bottle":5,"minecraft:diamond":8,"minecraft:glow_berries":11,"minecraft:lantern":1,"minecraft:honeycomb":1,"minecraft:leather":4,"travelersbackpack:standard":1,"minecraft:birch_slab":5,"minecraft:red_carpet":1,"minecraft:item_frame":1,"minecraft:emerald":2,"minecraft:dirt":5,"minecraft:cornflower":3,"minecraft:gold_nugget":3,"minecraft:amethyst_shard":4,"minecraft:sand":20,"minecraft:sugar":6,"minecraft:glistering_melon_slice":4,"minecraft:iron_pickaxe":5,"minecraft:white_wool":3,"minecraft:blue_bed":2,"minecraft:gold_ingot":11,"minecraft:bone":30,"minecraft:gravel":3,"minecraft:stone_axe":3,"minecraft:blackstone":1,"minecraft:iron_nugget":7,"minecraft:cobbled_deepslate":4,"minecraft:wheat":1,"minecraft:rotten_flesh":46,"minecraft:oak_planks":24,"minecraft:golden_shovel":2,"minecraft:azure_bluet":2,"minecraft:carrot":10,"minecraft:poppy":2,"minecraft:deepslate_tiles":2,"simplyswords:diamond_katana":4,"minecraft:gunpowder":5,"comforts:sleeping_bag_white":1,"minecraft:iron_bars":1,"minecraft:arrow":2,"minecraft:glass":12,"minecraft:beef":5,"minecraft:bread":7,"minecraft:iron_ingot":31,"minecraft:egg":2,"minecraft:enchanted_book":5,"minecraft:wheat_seeds":51,"minecraft:dripstone_block":1,"minecraft:feather":3,"minecraft:cobblestone":3,"minecraft:book":12,"minecraft:amethyst_block":1,"minecraft:coal":1,"minecraft:stick":4,"minecraft:torch":3,"travelersbackpack:blank_upgrade":4,"minecraft:zombie_head":1,"minecraft:potion":6,"minecraft:iron_leggings":1,"minecraft:white_banner":1,"minecraft:iron_axe":3,"minecraft:iron_shovel":1,"minecraft:string":17,"minecraft:bucket":3,"minecraft:spruce_sapling":1,"minecraft:smooth_basalt":3,"simplyswords:toxic_longsword":1,"minecraft:moss_carpet":1,"minecraft:stone_sword":2,"minecraft:cobblestone_wall":1,"minecraft:tuff":4,"minecraft:raw_iron":13,"minecraft:red_banner":3,"minecraft:chicken":1,"naturalist:cooked_bass":2,"minecraft:diamond_sword":3,"minecraft:shield":2,"minecraft:sea_pickle":3,"adventurez:orc_skin":2,"exposure:camera":1,"minecraft:oak_sapling":3,"minecraft:wooden_shovel":3,"minecraft:spider_eye":3,"minecraft:slime_ball":1,"minecraft:bow":2,"minecraft:red_sand":1,"minecraft:stone_pickaxe":1,"minecraft:magma_block":1},"minecraft:mined":{"minecraft:brewing_stand":1,"minecraft:red_sand":1,"minecraft:grass_block":38,"minecraft:light_gray_bed":1,"minecraft:chiseled_stone_bricks":1,"minecraft:tall_seagrass":2,"minecraft:red_nether_brick_stairs":1,"minecraft:cobbled_deepslate":17,"minecraft:moss_carpet":1,"minecraft:deepslate_lapis_ore":2,"minecraft:stripped_dark_oak_wood":1,"minecraft:oak_sign":1,"minecraft:flowering_azalea_leaves":1,"minecraft:iron_bars":1,"minecraft:oak_stairs":2,"minecraft:white_banner":1,"minecraft:player_head":2,"minecraft:deepslate_redstone_ore":4,"minecraft:soul_lantern":1,"minecraft:torch":6,"diagonalfences:minecraft/oak_fence":1,"minecraft:calcite":4,"minecraft:dead_bush":1,"minecraft:cobblestone":15,"minecraft:oak_planks":6,"minecraft:damaged_anvil":2,"minecraft:wall_torch":10,"minecraft:amethyst_block":1,"minecraft:wheat":14,"minecraft:grass":71,"minecraft:oak_log":39,"minecraft:oak_fence_gate":1,"minecraft:dirt":32,"minecraft:sand":4,"minecraft:zombie_wall_head":1,"minecraft:oak_leaves":16,"minecraft:deepslate":68,"minecraft:deepslate_tiles":2,"minecraft:tuff":4,"minecraft:red_carpet":1,"minecraft:yellow_wall_banner":1,"minecraft:mossy_cobblestone":4,"minecraft:deepslate_diamond_ore":41,"ribbits:toadstool":1,"ribbits:umbrella_leaf":1,"minecraft:spruce_leaves":1,"minecraft:mangrove_propagule":1,"minecraft:large_fern":10,"minecraft:hay_block":25,"minecraft:oak_trapdoor":4,"minecraft:furnace":1,"minecraft:andesite":13,"minecraft:bookshelf":24,"minecraft:deepslate_iron_ore":29,"minecraft:lantern":1,"minecraft:stone":11,"minecraft:white_wool":2,"minecraft:red_banner":4,"minecraft:oak_fence":1,"minecraft:crafting_table":12,"minecraft:cornflower":2,"minecraft:campfire":1,"minecraft:tall_grass":46,"minecraft:deepslate_gold_ore":17,"minecraft:blue_bed":1,"naturalist:duckweed":1,"minecraft:cobblestone_wall":4,"minecraft:sea_pickle":1,"minecraft:purple_stained_glass":2,"minecraft:sweet_berry_bush":2,"minecraft:spruce_log":2,"minecraft:birch_leaves":6,"minecraft:zombie_head":1,"minecraft:cobweb":9,"minecraft:cracked_stone_bricks":1,"minecraft:stone_bricks":1,"minecraft:mossy_stone_bricks":2,"minecraft:birch_fence":1,"minecraft:fern":1},"minecraft:used":{"minecraft:moss_carpet":2,"minecraft:red_sand":2,"minecraft:oak_sign":1,"minecraft:shield":133,"minecraft:iron_sword":14,"travelersbackpack:diamond":6,"minecraft:player_head":2,"minecraft:mutton":2,"minecraft:carrot":51,"minecraft:lava_bucket":10,"friendsandfoes:totem_of_illusion":1,"minecraft:grass_block":2,"minecraft:bow":38,"minecraft:scaffolding":1,"minecraft:sweet_berries":4,"minecraft:furnace":2,"minecraft:egg":1,"minecraft:potato":11,"minecraft:damaged_anvil":1,"minecraft:stone_pickaxe":38,"minecraft:oak_planks":53,"minecraft:diamond_axe":113,"naturalist:duck_egg":2,"minecraft:white_wool":1,"minecraft:glow_berries":49,"minecraft:crossbow":28,"minecraft:cave_spider_spawn_egg":1,"minecraft:birch_fence":1,"minecraft:brown_wool":1,"minecraft:bread":120,"minecraft:diamond_sword":93,"minecraft:andesite":5,"minecraft:air":2,"minecraft:experience_bottle":3,"simplyswords:toxic_longsword":540,"exposure:camera":1,"minecraft:oak_trapdoor":2,"minecraft:oak_fence":2,"minecraft:stone_sword":73,"minecraft:cooked_salmon":6,"minecraft:torch":20,"minecraft:brewing_stand":1,"minecraft:dirt":43,"minecraft:cobblestone_wall":2,"minecraft:salmon_bucket":2,"minecraft:wooden_axe":35,"minecraft:iron_axe":2,"minecraft:oak_stairs":2,"ribbits:umbrella_leaf":1,"travelersbackpack:squid":5,"minecraft:smooth_basalt":2,"minecraft:light_gray_wool":1,"comforts:sleeping_bag_white":2,"minecraft:cooked_beef":25,"minecraft:cobbled_deepslate":68,"naturalist:bass":1,"minecraft:wheat_seeds":14,"minecraft:cooked_mutton":4,"minecraft:water_bucket":26,"simplyswords:diamond_katana":520,"minecraft:glass_bottle":3,"minecraft:baked_potato":7,"minecraft:salmon":4,"minecraft:mossy_cobblestone":1,"minecraft:crafting_table":14,"minecraft:oak_log":1,"minecraft:diamond_pickaxe":284,"minecraft:diamond_shovel":70,"minecraft:mangrove_propagule":1,"minecraft:chicken":1,"minecraft:iron_pickaxe":204,"minecraft:stone_axe":50,"minecraft:cobblestone":117,"minecraft:potion":4,"travelersbackpack:standard":2,"minecraft:red_banner":3,"minecraft:bucket":40,"minecraft:yellow_bed":1},"minecraft:custom":{"minecraft:animals_bred":2,"minecraft:interact_with_crafting_table":113,"minecraft:open_barrel":157,"minecraft:bell_ring":4,"minecraft:leave_game":5,"minecraft:time_since_death":520617,"minecraft:sprint_one_cm":1364947,"minecraft:damage_blocked_by_shield":5275,"minecraft:drop":304,"minecraft:talked_to_villager":12,"minecraft:play_time":674159,"minecraft:deaths":4,"minecraft:jump":11248,"minecraft:interact_with_brewingstand":16,"minecraft:walk_on_water_one_cm":77091,"minecraft:interact_with_furnace":31,"minecraft:interact_with_cartography_table":1,"minecraft:interact_with_loom":3,"minecraft:sleep_in_bed":7,"minecraft:damage_dealt":54895,"minecraft:player_kills":2,"minecraft:crouch_one_cm":72836,"minecraft:interact_with_smoker":3,"minecraft:use_cauldron":5,"minecraft:horse_one_cm":46319,"minecraft:interact_with_smithing_table":14,"minecraft:interact_with_anvil":2,"minecraft:mob_kills":313,"minecraft:interact_with_campfire":12,"minecraft:climb_one_cm":20900,"minecraft:walk_one_cm":585513,"minecraft:sneak_time":30318,"minecraft:walk_under_water_one_cm":36547,"minecraft:interact_with_blast_furnace":2,"minecraft:total_world_time":674159,"minecraft:time_since_rest":37562,"minecraft:damage_taken":10747,"minecraft:swim_one_cm":143321,"minecraft:fly_one_cm":2528512,"minecraft:open_chest":104,"minecraft:fall_one_cm":313946},"minecraft:crafted":{"minecraft:oak_planks":168,"hangglider:hang_glider":1,"minecraft:chain":1,"minecraft:diamond_shovel":1,"travelersbackpack:diamond":4,"minecraft:glass":24,"minecraft:diamond_helmet":2,"minecraft:diamond_leggings":1,"minecraft:chest":1,"travelersbackpack:iron_tier_upgrade":1,"minecraft:diamond_axe":2,"minecraft:crafting_table":3,"minecraft:spruce_planks":8,"minecraft:wooden_pickaxe":1,"travelersbackpack:standard":1,"minecraft:diamond_pickaxe":1,"torchesntrinkets:lantern_belt":1,"minecraft:shield":4,"minecraft:stick":36,"minecraft:iron_pickaxe":2,"minecraft:iron_ingot":18,"minecraft:shears":1,"hangglider:glider_framework":1,"minecraft:iron_nugget":9,"comforts:sleeping_bag_white":1,"immersive_melodies:trumpet":1,"minecraft:furnace":2,"hangglider:glider_wing":2,"travelersbackpack:blank_upgrade":4,"travelersbackpack:gold_tier_upgrade":1,"minecraft:flint_and_steel":1,"minecraft:diamond_boots":1,"travelersbackpack:diamond_tier_upgrade":1,"minecraft:wheat":195,"minecraft:diamond_sword":1,"travelersbackpack:backpack_tank":2,"minecraft:bucket":1,"minecraft:air":0,"minecraft:bread":71,"travelersbackpack:squid":1,"minecraft:wooden_axe":1,"minecraft:torch":4,"minecraft:diamond_chestplate":1}},"DataVersion":3465}